{
    "name": "demo",
    "payload": {
        "single":{
            "number": 1,
            "template": "single payload: {{0}}"
        },
        "multi":{
            "number": 3,
            "template": "multi payload: {{0}} {{1}} {{2}}"
        },
        "encoding":{
            "number": 6,
            "template": "encoding payload: {{0}} {{1}} {{2}} {{3}} {{4}} {{5}}",
            "encoding": {
                "0":"base32",
                "1":"base64",
                "2":"md5",
                "3":"sha1",
                "4":"sha256",
                "5":"sha512"
            }
        }
    }
}